name,total_impressions,total_clicks,cpc,cpm
Campaign_285,132,5.0,62.77,2377.58
Campaign_646,363,28.0,30.0,2313.69
Campaign_9,528,24.0,50.37,2289.72
Campaign_806,151,7.0,52.87,2450.79
Campaign_136,280,13.0,49.17,2282.96
Campaign_54,137,8.0,39.74,2320.36
Campaign_282,152,7.0,48.53,2235.13
Campaign_923,146,7.0,46.03,2207.05
Campaign_495,160,14.0,27.72,2425.25
Campaign_914,161,5.0,69.47,2157.58
Campaign_322,115,3.0,78.38,2044.78
Campaign_15,176,6.0,65.72,2240.51
Campaign_85,590,27.0,49.13,2248.19
Campaign_506,158,5.0,65.32,2067.09
Campaign_91,134,4.0,80.07,2390.22
Campaign_756,136,8.0,36.52,2148.16
Campaign_201,363,22.0,35.83,2171.71
Campaign_665,457,32.0,33.26,2328.86
Campaign_637,129,4.0,78.38,2430.31
Campaign_87,357,16.0,52.93,2372.35
Campaign_327,142,7.0,45.7,2252.82
Campaign_978,145,4.0,79.02,2179.72
Campaign_275,405,15.0,60.67,2246.86
Campaign_317,166,7.0,53.75,2266.75
Campaign_68,166,4.0,93.94,2263.67
Campaign_670,491,23.0,48.49,2271.51
Campaign_207,442,19.0,53.61,2304.39
Campaign_300,570,30.0,42.09,2215.0
Campaign_675,176,10.0,40.48,2299.83
Campaign_985,281,18.0,34.91,2236.48
Campaign_318,431,19.0,48.38,2132.6
Campaign_386,145,6.0,53.31,2205.86
Campaign_437,144,4.0,78.07,2168.47
Campaign_615,311,6.0,121.91,2352.03
Campaign_53,384,10.0,82.77,2155.34
Campaign_676,504,29.0,40.0,2301.39
Campaign_345,156,16.0,22.16,2273.01
Campaign_447,135,10.0,30.95,2292.22
Campaign_906,307,11.0,64.74,2319.58
Campaign_97,383,23.0,37.67,2262.43
Campaign_738,121,4.0,70.83,2341.32
Campaign_992,129,9.0,31.84,2221.24
Campaign_930,161,11.0,35.65,2435.84
Campaign_482,141,6.0,51.94,2210.21
Campaign_313,148,5.0,67.28,2273.11
Campaign_835,150,1.0,363.41,2422.73
Campaign_287,150,6.0,57.86,2314.4
Campaign_780,135,3.0,99.64,2214.15
Campaign_995,152,8.0,40.24,2117.7
Campaign_380,576,33.0,39.4,2257.14
Campaign_701,289,9.0,73.6,2292.01
Campaign_537,123,7.0,39.51,2248.29
Campaign_117,349,16.0,49.36,2262.84
Campaign_934,647,30.0,48.36,2242.47
Campaign_424,529,23.0,52.53,2283.99
Campaign_157,522,24.0,47.67,2191.74
Campaign_518,134,3.0,103.07,2307.61
Campaign_530,133,9.0,32.68,2211.65
Campaign_862,172,7.0,54.87,2233.26
Campaign_33,261,12.0,46.88,2155.33
Campaign_490,120,6.0,45.17,2258.67
Campaign_38,248,6.0,90.65,2193.1
Campaign_415,157,9.0,39.55,2267.13
Campaign_765,207,11.0,42.21,2243.04
Campaign_824,153,7.0,51.66,2363.59
Campaign_719,475,16.0,66.01,2223.56
Campaign_284,134,6.0,53.4,2390.9
Campaign_644,147,3.0,113.55,2317.41
Campaign_73,159,8.0,43.62,2194.65
Campaign_607,163,8.0,46.3,2272.33
Campaign_206,143,6.0,52.16,2188.46
Campaign_1003,135,4.0,79.66,2360.22
Campaign_204,143,7.0,43.22,2115.73
Campaign_917,253,21.0,27.54,2285.73
Campaign_243,210,5.0,91.89,2187.9
Campaign_527,465,21.0,50.64,2287.01
Campaign_883,240,9.0,60.46,2267.38
Campaign_442,140,4.0,78.67,2247.71
Campaign_401,385,20.0,44.54,2313.71
Campaign_630,149,6.0,57.27,2306.17
Campaign_526,151,6.0,56.04,2226.69
Campaign_811,184,6.0,70.44,2296.85
Campaign_865,616,30.0,47.65,2320.81
Campaign_624,144,3.0,110.24,2296.74
Campaign_1,135,9.0,35.21,2347.26
Campaign_559,140,5.0,66.27,2366.64
Campaign_628,333,20.0,38.24,2296.46
Campaign_613,155,4.0,90.35,2331.68
Campaign_971,145,11.0,29.5,2238.07
Campaign_826,412,21.0,44.19,2252.21
Campaign_20,180,7.0,60.01,2333.61
Campaign_777,171,10.0,39.78,2326.2
Campaign_661,356,16.0,52.66,2366.63
Campaign_570,133,8.0,37.32,2244.51
Campaign_445,402,20.0,44.85,2231.29
Campaign_451,151,8.0,41.72,2210.46
Campaign_498,141,5.0,60.24,2136.03
Campaign_18,496,27.0,41.12,2238.13
Campaign_22,256,18.0,33.25,2337.73
Campaign_52,351,15.0,52.7,2252.17
Campaign_856,139,9.0,33.52,2170.07
Campaign_229,150,6.0,58.73,2349.27
Campaign_562,493,30.0,37.65,2291.34
Campaign_728,166,8.0,46.7,2250.54
Campaign_574,150,6.0,53.53,2141.07
Campaign_491,152,9.0,36.45,2158.49
Campaign_849,367,13.0,63.64,2254.22
Campaign_197,154,7.0,48.12,2187.14
Campaign_859,140,5.0,61.59,2199.5
Campaign_905,297,13.0,52.68,2306.03
Campaign_722,142,7.0,48.1,2371.06
Campaign_565,170,10.0,40.11,2359.12
Campaign_949,136,5.0,62.03,2280.37
Campaign_464,393,20.0,45.26,2303.31
Campaign_818,161,11.0,31.99,2185.65
Campaign_579,127,6.0,48.32,2282.83
Campaign_987,127,5.0,61.33,2414.41
Campaign_714,580,27.0,47.31,2202.43
Campaign_366,505,27.0,42.09,2250.53
Campaign_103,340,18.0,41.93,2219.65
Campaign_773,348,13.0,61.77,2307.41
Campaign_672,142,7.0,44.52,2194.79
Campaign_291,346,17.0,46.17,2268.32
Campaign_642,135,2.0,149.51,2214.89
Campaign_937,234,6.0,91.38,2343.03
Campaign_352,194,15.0,31.1,2404.54
Campaign_194,137,5.0,64.48,2353.43
Campaign_277,580,30.0,43.55,2252.66
Campaign_941,140,6.0,57.5,2464.14
Campaign_227,165,11.0,34.45,2296.36
Campaign_815,157,10.0,35.46,2258.66
Campaign_960,151,9.0,39.16,2334.11
Campaign_358,153,7.0,53.18,2433.07
Campaign_436,521,19.0,60.83,2218.39
Campaign_582,509,31.0,35.55,2164.99
Campaign_42,139,13.0,24.47,2288.35
Campaign_608,155,8.0,43.31,2235.23
Campaign_827,269,16.0,39.47,2347.84
Campaign_360,332,15.0,49.43,2233.37
Campaign_487,139,5.0,65.02,2338.85
Campaign_391,306,10.0,71.1,2323.53
Campaign_707,166,4.0,93.52,2253.55
Campaign_961,546,35.0,35.51,2276.37
Campaign_133,190,10.0,42.78,2251.32
Campaign_330,211,9.0,52.01,2218.63
Campaign_363,378,15.0,58.33,2314.58
Campaign_584,153,5.0,69.39,2267.71
Campaign_202,335,20.0,34.28,2046.75
Campaign_692,153,9.0,39.66,2332.75
Campaign_410,154,5.0,68.46,2222.6
Campaign_61,646,36.0,42.41,2363.64
Campaign_364,509,29.0,40.68,2317.64
Campaign_957,166,9.0,42.9,2325.9
Campaign_790,143,5.0,64.31,2248.67
Campaign_821,407,24.0,38.85,2291.03
Campaign_231,146,1.0,345.93,2369.38
Campaign_649,130,6.0,49.73,2295.08
Campaign_720,137,9.0,32.87,2159.49
Campaign_666,332,16.0,46.68,2249.4
Campaign_711,263,22.0,26.02,2176.31
Campaign_913,147,9.0,36.82,2254.22
Campaign_181,128,3.0,98.72,2313.67
Campaign_1009,519,26.0,46.85,2347.21
Campaign_947,148,6.0,53.68,2176.08
Campaign_901,525,29.0,41.18,2274.91
Campaign_286,666,39.0,38.9,2278.06
Campaign_187,154,8.0,45.93,2385.84
Campaign_500,139,10.0,31.54,2268.71
Campaign_973,221,11.0,43.77,2178.6
Campaign_561,137,9.0,35.08,2304.23
Campaign_182,242,11.0,51.11,2323.02
Campaign_64,199,5.0,85.71,2153.47
Campaign_319,134,3.0,109.15,2443.58
Campaign_489,495,29.0,39.11,2291.25
Campaign_159,515,22.0,54.13,2312.23
Campaign_11,134,3.0,92.49,2070.75
Campaign_190,163,8.0,44.24,2171.47
Campaign_869,148,5.0,71.29,2408.51
Campaign_10,131,5.0,58.41,2229.54
Campaign_172,454,25.0,41.76,2299.41
Campaign_260,482,19.0,60.64,2390.25
Campaign_766,139,6.0,51.19,2209.78
Campaign_342,130,5.0,57.0,2192.31
Campaign_168,160,9.0,38.78,2181.63
Campaign_411,472,25.0,42.46,2248.98
Campaign_414,127,8.0,35.75,2251.73
Campaign_677,139,4.0,81.05,2332.23
Campaign_804,367,11.0,76.08,2280.35
Campaign_723,234,11.0,49.82,2342.18
Campaign_680,123,10.0,27.13,2205.45
Campaign_970,134,8.0,39.08,2332.91
Campaign_105,359,21.0,40.11,2346.32
Campaign_807,136,2.0,163.09,2398.31
Campaign_278,150,4.0,83.64,2230.47
Campaign_266,676,26.0,59.77,2298.79
Campaign_541,622,34.0,42.11,2302.09
Campaign_861,513,20.0,58.1,2265.17
Campaign_531,317,14.0,48.67,2149.4
Campaign_132,561,22.0,58.81,2306.45
Campaign_916,231,9.0,59.36,2312.68
Campaign_481,309,11.0,61.11,2175.31
Campaign_789,154,12.0,30.54,2379.81
Campaign_196,462,21.0,49.82,2264.74
Campaign_188,168,8.0,49.12,2339.23
Campaign_684,239,18.0,29.47,2219.12
Campaign_705,274,14.0,44.77,2287.48
Campaign_110,155,9.0,41.57,2413.61
Campaign_502,484,20.0,57.08,2358.62
Campaign_208,158,10.0,36.44,2306.58
Campaign_710,134,8.0,38.24,2283.21
Campaign_512,138,5.0,66.34,2403.7
Campaign_476,164,5.0,73.73,2247.87
Campaign_423,137,6.0,52.29,2290.15
Campaign_813,130,10.0,28.12,2162.85
Campaign_388,150,10.0,33.0,2199.67
Campaign_128,162,7.0,50.69,2190.31
Campaign_371,159,6.0,55.11,2079.5
Campaign_375,138,4.0,72.53,2102.39
Campaign_696,337,14.0,53.76,2233.23
Campaign_192,139,10.0,31.23,2246.83
Campaign_975,154,11.0,31.85,2274.68
Campaign_808,140,7.0,45.39,2269.57
Campaign_943,481,18.0,56.35,2108.77
Campaign_148,141,5.0,64.6,2290.78
Campaign_779,462,23.0,45.58,2269.03
Campaign_60,539,26.0,46.56,2246.16
Campaign_508,602,27.0,51.78,2322.49
Campaign_183,416,23.0,39.14,2164.18
Campaign_631,287,15.0,44.26,2313.0
Campaign_59,148,9.0,35.53,2160.54
Campaign_100,150,11.0,30.99,2272.47
Campaign_176,320,14.0,51.01,2231.78
Campaign_697,149,9.0,39.48,2384.7
Campaign_967,384,25.0,36.39,2368.83
Campaign_944,529,36.0,34.21,2327.83
Campaign_234,236,14.0,39.52,2344.19
Campaign_969,180,8.0,52.44,2330.67
Campaign_354,302,13.0,53.22,2291.03
Campaign_267,469,24.0,44.47,2275.59
Campaign_657,214,11.0,42.49,2183.83
Campaign_882,408,19.0,47.49,2211.64
Campaign_216,536,29.0,42.73,2312.03
Campaign_919,240,5.0,108.94,2269.67
Campaign_26,145,5.0,61.06,2105.59
Campaign_688,546,33.0,36.33,2195.81
Campaign_812,166,8.0,43.84,2112.59
Campaign_347,579,30.0,43.0,2228.19
Campaign_855,613,25.0,57.98,2364.5
Campaign_67,138,1.0,315.35,2285.14
Campaign_485,178,8.0,52.49,2358.88
Campaign_409,213,11.0,43.08,2224.98
Campaign_520,146,8.0,42.92,2351.51
Campaign_179,181,10.0,42.79,2364.09
Campaign_887,306,11.0,60.56,2177.12
Campaign_403,504,26.0,44.51,2295.91
Campaign_297,155,9.0,40.84,2371.29
Campaign_534,170,10.0,39.64,2331.47
Campaign_24,270,13.0,47.61,2292.37
Campaign_460,332,14.0,53.02,2235.63
Campaign_578,142,12.0,25.47,2152.75
Campaign_43,151,9.0,39.18,2335.03
Campaign_185,139,8.0,38.64,2223.81
Campaign_475,138,7.0,42.11,2136.16
Campaign_378,525,25.0,48.21,2295.94
Campaign_529,614,26.0,52.61,2227.57
Campaign_272,162,7.0,50.19,2168.89
Campaign_706,154,3.0,122.65,2389.35
Campaign_799,125,6.0,46.51,2232.4
Campaign_214,139,9.0,35.2,2279.06
Campaign_772,130,3.0,93.68,2161.92
Campaign_671,508,20.0,60.13,2367.15
Campaign_340,141,9.0,33.98,2168.65
Campaign_950,123,6.0,50.21,2449.02
Campaign_954,137,5.0,58.91,2150.15
Campaign_658,226,12.0,40.39,2144.51
Campaign_466,151,10.0,34.64,2293.91
Campaign_45,145,8.0,43.06,2375.66
Campaign_477,144,10.0,32.31,2243.75
Campaign_441,141,6.0,50.09,2131.42
Campaign_302,445,22.0,45.92,2270.43
Campaign_49,126,5.0,54.38,2157.78
Campaign_733,196,9.0,49.37,2267.04
Campaign_848,157,10.0,36.05,2296.24
Campaign_843,449,21.0,49.93,2335.43
Campaign_979,136,8.0,37.38,2198.9
Campaign_81,163,12.0,31.24,2300.0
Campaign_695,380,12.0,68.35,2158.29
Campaign_894,266,17.0,37.4,2390.34
Campaign_554,467,21.0,49.19,2211.91
Campaign_431,149,4.0,85.66,2299.46
Campaign_104,178,6.0,69.52,2343.37
Campaign_544,150,8.0,42.2,2250.4
Campaign_776,159,5.0,71.81,2258.24
Campaign_31,146,6.0,56.79,2333.84
Campaign_568,443,17.0,58.18,2232.75
Campaign_72,125,6.0,48.86,2345.2
Campaign_788,143,7.0,42.87,2098.53
Campaign_877,130,3.0,102.9,2374.54
Campaign_1012,145,5.0,64.19,2213.31
Campaign_92,569,34.0,39.41,2354.66
Campaign_536,146,8.0,42.19,2311.64
Campaign_878,336,14.0,54.21,2258.6
Campaign_397,152,10.0,36.23,2383.62
Campaign_422,145,8.0,41.63,2296.76
Campaign_553,477,25.0,43.11,2259.54
Campaign_250,461,25.0,41.46,2248.44
Campaign_603,156,8.0,39.88,2044.87
Campaign_1001,660,34.0,44.36,2285.3
Campaign_154,147,7.0,46.34,2206.87
Campaign_689,140,4.0,82.98,2370.79
Campaign_164,124,4.0,74.62,2407.02
Campaign_12,129,13.0,23.14,2332.09
Campaign_336,161,13.0,29.36,2370.99
Campaign_430,155,3.0,114.39,2214.0
Campaign_596,129,7.0,43.62,2366.9
Campaign_199,506,15.0,77.17,2287.61
Campaign_863,138,7.0,46.06,2336.45
Campaign_1006,417,15.0,64.6,2323.6
Campaign_219,147,7.0,48.44,2306.46
Campaign_798,144,8.0,41.74,2318.96
Campaign_757,267,22.0,28.47,2345.81
Campaign_348,156,9.0,38.27,2208.08
Campaign_264,142,7.0,45.87,2260.99
Campaign_307,133,7.0,40.64,2139.1
Campaign_494,240,11.0,51.19,2346.33
Campaign_747,198,9.0,46.59,2117.58
Campaign_587,128,6.0,50.47,2365.7
Campaign_135,229,9.0,59.02,2319.61
Campaign_122,138,6.0,52.34,2275.65
Campaign_255,126,6.0,47.02,2238.97
Campaign_443,134,7.0,44.49,2323.96
Campaign_153,163,6.0,60.41,2223.56
Campaign_257,167,14.0,25.87,2168.5
Campaign_709,134,7.0,44.24,2310.97
Campaign_912,151,9.0,39.13,2332.12
Campaign_983,139,5.0,62.91,2262.88
Campaign_749,144,4.0,84.95,2359.65
Campaign_564,195,12.0,36.54,2248.56
Campaign_310,451,21.0,48.18,2243.46
Campaign_513,233,13.0,40.08,2236.31
Campaign_911,149,7.0,51.98,2441.88
Campaign_55,135,8.0,36.26,2148.89
Campaign_909,480,21.0,52.81,2310.29
Campaign_904,141,7.0,47.91,2378.58
Campaign_903,391,15.0,59.76,2292.48
Campaign_74,172,8.0,47.12,2191.69
Campaign_784,121,5.0,54.18,2239.01
Campaign_230,141,4.0,77.45,2197.09
Campaign_571,407,28.0,33.38,2296.66
Campaign_71,457,30.0,34.23,2247.29
Campaign_449,354,20.0,39.06,2206.72
Campaign_783,268,9.0,66.67,2238.92
Campaign_611,216,10.0,48.86,2262.08
Campaign_248,157,7.0,49.83,2221.72
Campaign_95,143,7.0,50.86,2489.51
Campaign_851,166,8.0,45.34,2185.12
Campaign_609,325,19.0,40.33,2357.66
Campaign_567,147,12.0,28.86,2355.51
Campaign_156,151,10.0,32.51,2152.85
Campaign_558,129,8.0,38.12,2363.95
Campaign_736,129,9.0,31.47,2195.74
Campaign_404,159,10.0,36.24,2279.31
Campaign_333,180,7.0,58.25,2265.28
Campaign_281,137,9.0,31.17,2047.74
Campaign_1010,587,39.0,33.47,2223.97
Campaign_953,416,19.0,50.17,2291.44
Campaign_925,131,8.0,38.6,2357.4
Campaign_392,147,9.0,36.24,2218.71
Campaign_78,148,9.0,37.63,2288.45
Campaign_774,159,6.0,60.66,2288.99
Campaign_685,157,11.0,31.66,2218.22
Campaign_638,427,21.0,46.25,2274.57
Campaign_27,160,8.0,46.77,2338.38
Campaign_583,648,35.0,42.94,2319.06
Campaign_337,126,9.0,30.27,2161.83
Campaign_555,168,3.0,126.54,2259.7
Campaign_791,140,9.0,36.43,2342.14
Campaign_803,185,10.0,44.34,2396.54
Campaign_650,146,9.0,38.18,2353.56
Campaign_145,150,8.0,41.34,2204.8
Campaign_986,485,28.0,39.76,2295.38
Campaign_524,134,9.0,36.52,2452.61
Campaign_384,155,5.0,71.97,2321.68
Campaign_830,125,8.0,34.81,2227.52
Campaign_704,165,11.0,37.19,2479.64
Campaign_46,143,8.0,38.15,2134.48
Campaign_857,161,7.0,50.88,2212.17
Campaign_577,145,12.0,27.45,2271.45
Campaign_57,141,7.0,44.51,2209.93
Campaign_831,265,14.0,42.86,2264.34
Campaign_693,189,9.0,48.43,2306.24
Campaign_743,160,7.0,49.76,2176.88
Campaign_866,137,8.0,38.68,2258.54
Campaign_871,154,6.0,55.45,2160.45
Campaign_605,147,4.0,82.31,2239.59
Campaign_778,245,9.0,62.48,2295.18
Campaign_842,224,10.0,53.62,2393.75
Campaign_40,379,15.0,55.12,2181.5
Campaign_572,137,9.0,33.41,2195.11
Campaign_899,146,5.0,65.27,2235.34
Campaign_653,142,9.0,34.1,2161.55
Campaign_213,136,4.0,80.84,2377.72
Campaign_828,143,9.0,37.12,2336.36
Campaign_915,138,7.0,44.58,2261.23
Campaign_716,158,8.0,44.59,2257.91
Campaign_881,155,9.0,41.04,2383.03
Campaign_39,438,17.0,57.43,2229.02
Campaign_315,166,13.0,29.4,2302.23
Campaign_977,424,20.0,48.68,2296.42
Campaign_151,134,4.0,77.6,2316.42
Campaign_753,158,7.0,51.74,2292.28
Campaign_681,152,6.0,56.43,2227.43
Campaign_908,128,5.0,56.04,2189.14
Campaign_652,442,22.0,45.6,2269.59
Campaign_301,642,31.0,45.66,2204.89
Campaign_956,410,30.0,30.22,2210.9
Campaign_152,572,23.0,55.24,2221.07
Campaign_604,276,13.0,48.17,2268.84
Campaign_289,164,5.0,79.56,2425.49
Campaign_761,141,3.0,104.89,2231.7
Campaign_2,139,4.0,80.96,2329.64
Campaign_396,489,28.0,39.64,2269.94
Campaign_25,138,4.0,82.54,2392.32
Campaign_832,130,5.0,60.57,2329.77
Campaign_232,142,3.0,110.0,2324.01
Campaign_450,149,6.0,58.68,2362.75
Campaign_618,111,4.0,62.9,2266.58
Campaign_341,150,7.0,49.21,2296.4
Campaign_115,138,6.0,52.79,2295.29
Campaign_816,139,8.0,40.13,2309.42
Campaign_118,145,3.0,109.79,2271.59
Campaign_980,138,9.0,34.53,2251.74
Campaign_36,155,11.0,29.23,2074.52
Campaign_825,161,7.0,57.5,2499.81
Campaign_162,134,9.0,35.37,2375.52
Campaign_547,154,10.0,34.55,2243.77
Campaign_470,132,4.0,80.27,2432.35
Campaign_895,140,6.0,49.79,2133.93
Campaign_166,458,24.0,41.67,2183.34
Campaign_412,418,19.0,49.11,2232.06
Campaign_119,166,7.0,53.4,2251.99
Campaign_590,145,3.0,113.64,2351.17
Campaign_376,123,7.0,42.68,2428.78
Campaign_523,147,10.0,33.12,2253.2
Campaign_717,126,12.0,22.87,2178.33
Campaign_597,649,40.0,36.5,2249.34
Campaign_966,148,13.0,25.62,2250.47
Campaign_268,146,5.0,64.4,2205.62
Campaign_599,161,13.0,27.83,2247.33
Campaign_458,150,12.0,27.84,2226.93
Campaign_210,454,20.0,50.1,2206.92
Campaign_796,147,5.0,66.24,2253.06
Campaign_170,173,9.0,43.66,2271.27
Campaign_725,153,9.0,37.99,2234.64
Campaign_634,152,7.0,47.17,2172.24
Campaign_876,134,8.0,39.73,2371.64
Campaign_134,155,10.0,36.83,2376.0
Campaign_805,163,10.0,37.99,2330.61
Campaign_114,394,17.0,51.77,2233.93
Campaign_468,130,5.0,59.77,2299.0
Campaign_612,155,8.0,41.75,2154.58
Campaign_309,146,6.0,55.58,2283.97
Campaign_809,349,21.0,38.81,2335.01
Campaign_241,153,7.0,47.95,2193.59
Campaign_497,137,10.0,29.39,2145.33
Campaign_226,483,28.0,39.58,2294.29
Campaign_35,148,3.0,117.23,2376.22
Campaign_140,411,33.0,28.58,2294.74
Campaign_640,160,6.0,60.52,2269.5
Campaign_23,140,6.0,50.44,2161.79
Campaign_759,545,26.0,46.72,2228.83
Campaign_698,321,16.0,45.39,2262.27
Campaign_620,150,9.0,37.65,2258.8
Campaign_425,141,7.0,45.18,2242.91
Campaign_235,184,7.0,61.88,2354.18
Campaign_385,153,6.0,56.17,2202.81
Campaign_632,369,25.0,33.34,2258.81
Campaign_98,147,4.0,82.82,2253.61
Campaign_712,301,9.0,77.3,2311.23
Campaign_667,146,7.0,46.33,2221.51
Campaign_48,491,19.0,59.71,2310.39
Campaign_517,167,6.0,69.3,2489.88
Campaign_294,155,8.0,43.06,2222.39
Campaign_938,152,5.0,67.68,2226.25
Campaign_569,525,17.0,69.03,2235.16
Campaign_400,141,9.0,37.63,2401.7
Campaign_769,164,9.0,40.08,2199.7
Campaign_130,139,3.0,103.09,2224.89
Campaign_990,144,4.0,84.54,2348.26
Campaign_625,391,25.0,34.87,2229.67
Campaign_483,683,30.0,52.66,2313.18
Campaign_320,496,20.0,57.55,2320.75
Campaign_253,139,5.0,62.01,2230.43
Campaign_389,150,7.0,49.54,2311.87
Campaign_921,122,8.0,34.52,2263.69
Campaign_744,141,3.0,114.92,2445.18
Campaign_614,273,18.0,34.52,2275.97
Campaign_920,158,8.0,43.94,2224.87
Campaign_129,163,8.0,47.32,2322.64
Campaign_1007,301,11.0,63.46,2318.97
Campaign_4,155,9.0,38.01,2206.9
Campaign_343,162,10.0,36.53,2254.94
Campaign_724,140,6.0,52.25,2239.14
Campaign_854,136,5.0,60.2,2213.16
Campaign_619,295,14.0,49.75,2360.85
Campaign_223,148,10.0,33.77,2281.89
Campaign_29,142,4.0,77.8,2191.48
Campaign_299,142,12.0,28.23,2385.28
Campaign_382,382,19.0,44.99,2237.54
Campaign_729,153,10.0,34.16,2232.35
Campaign_643,154,6.0,58.74,2288.44
Campaign_829,493,23.0,48.89,2280.91
Campaign_222,130,5.0,60.07,2310.31
Campaign_308,152,5.0,66.05,2172.63
Campaign_810,164,7.0,50.69,2163.66
Campaign_694,636,34.0,42.43,2268.51
Campaign_326,157,8.0,44.39,2262.1
Campaign_184,135,6.0,51.43,2285.56
Campaign_108,171,13.0,28.29,2150.7
Campaign_840,138,5.0,62.77,2274.28
Campaign_845,179,12.0,32.17,2156.82
Campaign_472,135,8.0,40.27,2386.52
Campaign_668,135,7.0,48.22,2500.22
Campaign_817,171,5.0,77.51,2266.26
Campaign_647,159,10.0,37.38,2350.94
Campaign_822,172,11.0,36.58,2339.53
Campaign_160,283,13.0,49.29,2263.99
Campaign_370,166,10.0,36.86,2220.72
Campaign_972,147,12.0,27.07,2209.86
Campaign_872,146,5.0,61.64,2110.96
Campaign_800,137,7.0,42.87,2190.58
Campaign_280,158,8.0,46.29,2343.99
Campaign_501,142,7.0,44.57,2196.97
Campaign_984,135,4.0,78.88,2337.11
Campaign_510,164,4.0,93.12,2271.28
Campaign_474,126,8.0,37.03,2350.87
Campaign_660,141,3.0,105.81,2251.21
Campaign_419,176,9.0,44.44,2272.67
Campaign_858,146,10.0,31.12,2131.44
Campaign_542,145,13.0,27.76,2488.9
Campaign_242,196,12.0,36.93,2260.92
Campaign_254,126,6.0,46.19,2199.29
Campaign_837,309,23.0,31.11,2315.57
Campaign_557,140,8.0,36.8,2102.71
Campaign_868,149,8.0,40.89,2195.3
Campaign_741,137,3.0,103.56,2267.66
Campaign_740,274,16.0,38.36,2239.96
Campaign_6,159,9.0,42.41,2400.69
Campaign_629,473,26.0,40.28,2213.87
Campaign_793,149,7.0,46.34,2176.91
Campaign_814,143,4.0,77.47,2167.06
Campaign_511,650,37.0,39.71,2260.52
Campaign_321,277,12.0,55.08,2385.96
Campaign_94,148,10.0,32.83,2218.18
Campaign_617,418,14.0,68.54,2295.5
Campaign_191,129,5.0,56.09,2174.11
Campaign_413,630,31.0,43.42,2136.46
Campaign_819,171,7.0,55.79,2283.68
Campaign_663,142,3.0,110.66,2337.82
Campaign_259,150,7.0,51.34,2396.0
Campaign_935,410,20.0,47.47,2315.51
Campaign_467,161,8.0,43.78,2175.28
Campaign_418,165,6.0,60.64,2205.21
Campaign_240,178,9.0,45.23,2287.13
Campaign_237,145,2.0,156.4,2157.17
Campaign_910,138,5.0,64.77,2346.81
Campaign_505,200,9.0,51.02,2295.9
Campaign_50,135,9.0,36.24,2416.15
Campaign_471,229,8.0,64.95,2269.08
Campaign_127,379,28.0,30.67,2265.94
Campaign_7,172,6.0,66.04,2303.78
Campaign_503,268,13.0,45.18,2191.6
Campaign_349,153,6.0,59.22,2322.35
Campaign_236,153,7.0,46.3,2118.37
Campaign_96,143,5.0,64.14,2242.73
Campaign_988,154,7.0,48.63,2210.65
Campaign_174,407,17.0,54.84,2290.47
Campaign_19,151,6.0,60.0,2384.11
Campaign_951,127,4.0,69.92,2202.13
Campaign_368,141,7.0,46.99,2332.91
Campaign_351,142,9.0,35.85,2272.25
Campaign_311,267,14.0,43.19,2264.83
Campaign_844,141,9.0,36.68,2340.99
Campaign_823,345,14.0,55.32,2244.87
Campaign_948,376,26.0,32.2,2226.68
Campaign_770,146,8.0,41.66,2282.95
Campaign_461,146,8.0,40.84,2237.6
Campaign_238,140,5.0,63.72,2275.71
Campaign_462,143,4.0,81.81,2288.25
Campaign_998,136,6.0,51.67,2279.41
Campaign_381,145,9.0,37.38,2320.0
Campaign_121,129,11.0,27.29,2326.98
Campaign_592,314,18.0,40.42,2316.85
Campaign_124,124,8.0,33.85,2183.79
Campaign_952,136,8.0,35.08,2063.75
Campaign_896,150,9.0,40.33,2419.93
Campaign_655,164,14.0,25.63,2187.8
Campaign_416,120,3.0,90.06,2251.5
Campaign_249,131,8.0,36.79,2246.64
Campaign_659,268,13.0,48.15,2335.71
Campaign_239,151,5.0,66.61,2205.76
Campaign_362,154,10.0,34.09,2213.38
Campaign_246,130,7.0,42.49,2287.69
Campaign_274,156,12.0,30.19,2322.18
Campaign_111,172,9.0,44.67,2337.5
Campaign_198,134,6.0,54.32,2432.31
Campaign_465,164,15.0,25.54,2336.04
Campaign_233,134,5.0,63.06,2353.06
Campaign_8,138,14.0,21.87,2218.19
Campaign_928,132,3.0,100.03,2273.41
Campaign_225,146,7.0,49.86,2390.48
Campaign_440,132,8.0,35.08,2126.29
Campaign_767,145,5.0,69.42,2393.86
Campaign_84,537,25.0,49.49,2303.91
Campaign_218,150,5.0,66.71,2223.8
Campaign_245,134,8.0,37.23,2222.84
Campaign_44,136,9.0,33.94,2246.32
Campaign_421,140,10.0,29.88,2134.07
Campaign_963,162,8.0,42.85,2116.05
Campaign_955,151,7.0,51.48,2386.42
Campaign_126,435,19.0,52.51,2293.33
Campaign_750,161,9.0,41.41,2314.84
Campaign_372,139,6.0,52.12,2249.86
Campaign_444,166,6.0,66.24,2394.1
Campaign_407,117,6.0,45.42,2329.32
Campaign_591,156,8.0,44.24,2268.59
Campaign_125,129,5.0,58.6,2271.16
Campaign_700,135,6.0,49.71,2209.26
Campaign_339,285,10.0,61.51,2158.25
Campaign_499,150,5.0,69.05,2301.8
Campaign_79,133,5.0,63.45,2385.34
Campaign_556,297,16.0,41.6,2240.84
Campaign_549,158,7.0,48.98,2170.19
Campaign_244,277,13.0,48.24,2263.94
Campaign_82,159,6.0,60.79,2294.09
Campaign_70,191,6.0,73.57,2311.1
Campaign_373,155,9.0,39.23,2278.13
Campaign_17,166,6.0,66.2,2392.89
Campaign_900,134,11.0,28.97,2378.21
Campaign_1004,168,11.0,34.15,2236.25
Campaign_102,239,16.0,35.52,2378.16
Campaign_56,154,13.0,24.92,2103.57
Campaign_645,150,8.0,43.48,2318.93
Campaign_760,161,5.0,74.89,2325.84
Campaign_37,141,9.0,36.68,2340.99
Campaign_974,158,9.0,40.05,2281.46
Campaign_169,152,8.0,42.89,2257.17
Campaign_355,135,8.0,40.27,2386.15
Campaign_75,218,8.0,62.51,2294.08
Campaign_885,131,7.0,42.05,2247.02
Campaign_30,143,8.0,39.43,2206.01
Campaign_833,150,3.0,111.94,2238.73
Campaign_764,149,5.0,66.46,2230.2
Campaign_737,136,5.0,60.22,2213.97
Campaign_269,150,11.0,32.3,2368.47
Campaign_296,151,12.0,30.03,2386.56
Campaign_839,140,6.0,53.12,2276.71
Campaign_735,191,10.0,41.67,2181.88
Campaign_742,124,11.0,26.31,2333.63
Campaign_137,167,4.0,101.49,2430.96
Campaign_946,140,9.0,38.11,2450.21
Campaign_621,146,6.0,52.0,2136.92
Campaign_519,254,18.0,32.19,2280.98
Campaign_965,326,17.0,43.4,2263.22
Campaign_674,146,7.0,48.58,2329.38
Campaign_533,139,8.0,39.19,2255.25
Campaign_892,131,6.0,48.54,2223.13
Campaign_399,138,10.0,28.59,2071.52
Campaign_594,141,5.0,65.76,2331.77
Campaign_890,140,7.0,45.05,2252.29
Campaign_662,142,12.0,27.95,2362.11
Campaign_691,302,14.0,49.36,2288.21
Campaign_610,317,19.0,38.18,2288.64
Campaign_540,125,10.0,27.44,2194.96
Campaign_429,151,9.0,38.13,2272.38
Campaign_841,150,9.0,39.88,2393.0
Campaign_457,509,22.0,52.8,2281.98
Campaign_548,146,6.0,54.79,2251.58
Campaign_575,517,29.0,41.41,2322.84
Campaign_598,159,7.0,53.14,2339.69
Campaign_538,155,12.0,27.93,2162.45
Campaign_552,135,8.0,38.09,2257.33
Campaign_303,137,3.0,102.68,2248.47
Campaign_656,141,4.0,82.52,2340.92
Campaign_161,506,16.0,75.72,2394.27
Campaign_551,299,8.0,84.28,2254.88
Campaign_589,131,5.0,54.38,2075.42
Campaign_940,167,10.0,37.08,2220.18
Campaign_51,149,7.0,46.52,2185.7
Campaign_931,168,5.0,76.58,2279.29
Campaign_664,148,8.0,43.62,2357.84
Campaign_69,135,6.0,52.44,2330.59
Campaign_304,153,12.0,29.32,2299.74
Campaign_256,224,7.0,69.84,2182.63
Campaign_867,172,9.0,46.08,2410.93
Campaign_488,158,8.0,43.43,2199.05
Campaign_626,465,18.0,59.24,2292.99
Campaign_999,145,7.0,46.56,2247.66
Campaign_563,152,4.0,83.36,2193.55
Campaign_888,133,12.0,25.01,2256.62
Campaign_357,288,17.0,38.54,2274.97
Campaign_365,485,18.0,60.72,2253.53
Campaign_480,167,7.0,57.25,2399.88
Campaign_62,144,6.0,50.0,2083.13
Campaign_58,139,8.0,38.97,2242.73
Campaign_316,148,10.0,30.92,2089.32
Campaign_514,150,6.0,56.28,2251.33
Campaign_573,487,21.0,53.15,2291.91
Campaign_708,147,10.0,33.0,2245.03
Campaign_732,144,8.0,42.42,2356.67
Campaign_76,132,2.0,148.84,2255.15
Campaign_543,138,5.0,64.16,2324.49
Campaign_1002,136,11.0,28.74,2324.56
Campaign_794,150,5.0,69.7,2323.47
Campaign_141,146,11.0,30.55,2301.51
Campaign_918,172,13.0,29.35,2218.6
Campaign_90,137,6.0,54.58,2390.15
Campaign_673,126,7.0,40.7,2261.19
Campaign_682,187,8.0,54.86,2346.9
Campaign_639,149,9.0,36.21,2186.91
Campaign_879,135,4.0,80.05,2371.93
Campaign_521,137,4.0,73.25,2138.76
Campaign_332,165,6.0,61.25,2227.33
Campaign_864,154,1.0,346.74,2251.56
Campaign_107,131,7.0,41.31,2207.4
Campaign_390,140,7.0,46.65,2332.64
Campaign_886,500,25.0,45.11,2255.4
Campaign_209,129,9.0,31.31,2184.5
Campaign_200,124,7.0,39.86,2250.4
Campaign_787,496,21.0,53.02,2244.88
Campaign_768,140,5.0,62.28,2224.36
Campaign_945,159,12.0,30.08,2270.25
Campaign_123,140,5.0,65.17,2327.64
Campaign_473,169,6.0,62.46,2217.4
Campaign_989,183,10.0,44.74,2444.97
Campaign_746,137,6.0,50.68,2219.56
Campaign_175,150,4.0,89.09,2375.73
Campaign_968,157,8.0,43.56,2219.49
Campaign_395,147,10.0,32.45,2207.28
Campaign_211,147,10.0,33.64,2288.37
Campaign_898,221,8.0,63.41,2295.2
Campaign_116,145,9.0,39.33,2441.24
Campaign_929,145,5.0,66.17,2281.72
Campaign_922,161,7.0,52.41,2278.57
Campaign_406,132,12.0,26.0,2363.94
Campaign_438,190,8.0,56.77,2390.16
Campaign_771,146,10.0,33.7,2308.29
Campaign_439,171,9.0,41.33,2175.32
Campaign_369,136,2.0,148.55,2184.49
Campaign_89,154,9.0,35.16,2054.74
Campaign_713,162,6.0,62.05,2298.21
Campaign_994,146,5.0,60.58,2074.79
Campaign_150,213,14.0,35.6,2339.77
Campaign_34,159,11.0,33.45,2314.21
Campaign_65,150,8.0,40.43,2156.47
Campaign_492,177,3.0,136.81,2318.76
Campaign_873,436,28.0,36.35,2334.22
Campaign_576,151,3.0,115.86,2301.92
Campaign_455,141,3.0,108.31,2304.4
Campaign_32,161,5.0,73.82,2292.61
Campaign_177,112,7.0,38.81,2425.36
Campaign_5,137,9.0,34.37,2258.1
Campaign_66,153,7.0,51.15,2340.07
Campaign_350,203,11.0,42.03,2277.39
Campaign_721,450,19.0,53.19,2245.6
Campaign_195,151,10.0,32.55,2155.7
Campaign_295,140,6.0,52.92,2267.93
Campaign_962,161,4.0,91.99,2285.53
Campaign_792,140,8.0,39.6,2262.64
Campaign_528,286,11.0,59.69,2295.8
Campaign_1013,139,4.0,82.48,2373.53
Campaign_83,138,4.0,77.61,2249.57
Campaign_288,141,6.0,51.46,2189.86
Campaign_595,122,10.0,29.26,2398.69
Campaign_252,147,10.0,33.25,2261.77
Campaign_641,151,8.0,45.74,2423.38
Campaign_456,155,13.0,27.95,2343.94
Campaign_171,132,6.0,51.56,2343.48
Campaign_88,127,4.0,76.71,2415.98
Campaign_314,116,6.0,43.36,2242.67
Campaign_939,137,6.0,51.78,2267.59
Campaign_263,267,10.0,60.95,2282.73
Campaign_860,139,7.0,46.68,2350.79
Campaign_47,160,8.0,45.93,2296.31
Campaign_739,144,8.0,42.19,2343.68
Campaign_147,171,15.0,26.67,2339.47
Campaign_93,137,5.0,58.59,2138.39
Campaign_393,146,7.0,43.34,2078.15
Campaign_654,164,9.0,40.24,2208.11
Campaign_507,139,6.0,48.06,2074.68
Campaign_532,133,4.0,71.24,2142.56
Campaign_926,171,9.0,42.59,2241.58
Campaign_41,160,12.0,29.91,2243.13
Campaign_891,163,10.0,37.18,2281.23
Campaign_602,148,4.0,85.74,2317.3
Campaign_933,149,7.0,47.58,2235.5
Campaign_964,148,9.0,38.04,2313.24
Campaign_486,342,19.0,39.72,2206.78
Campaign_394,228,5.0,104.97,2301.97
Campaign_897,215,14.0,33.87,2205.77
Campaign_258,149,6.0,55.91,2251.28
Campaign_884,146,7.0,46.1,2210.21
Campaign_795,142,10.0,33.06,2327.89
Campaign_996,143,6.0,56.74,2380.7
Campaign_585,233,9.0,56.59,2185.79
Campaign_14,141,6.0,52.33,2226.67
Campaign_601,128,7.0,41.24,2255.08
Campaign_463,145,4.0,82.24,2268.55
Campaign_580,159,14.0,25.97,2286.92
Campaign_636,143,12.0,27.68,2323.01
Campaign_158,148,5.0,67.35,2275.47
Campaign_635,134,8.0,36.4,2173.36
Campaign_539,233,11.0,48.3,2280.3
Campaign_493,139,5.0,59.74,2148.99
Campaign_324,137,4.0,78.96,2305.4
Campaign_981,150,8.0,46.76,2493.93
Campaign_535,155,6.0,57.69,2233.23
Campaign_305,132,7.0,44.15,2341.06
Campaign_448,141,10.0,32.51,2305.82
Campaign_678,140,5.0,63.75,2276.79
Campaign_781,136,7.0,44.94,2312.87
Campaign_669,162,8.0,46.25,2284.14
Campaign_469,142,9.0,36.93,2340.35
Campaign_205,142,6.0,53.44,2258.17
Campaign_446,222,12.0,40.29,2177.61
Campaign_283,121,1.0,276.04,2281.32
Campaign_3,131,5.0,54.05,2062.82
Campaign_312,134,5.0,63.28,2361.04
Campaign_279,144,10.0,33.44,2321.94
Campaign_142,127,6.0,47.27,2232.99
Campaign_1000,126,7.0,41.8,2321.98
Campaign_270,133,6.0,50.79,2291.28
Campaign_479,159,8.0,41.9,2108.18
Campaign_853,145,9.0,38.89,2413.72
Campaign_718,124,6.0,44.83,2169.19
Campaign_113,143,8.0,40.92,2289.16
Campaign_379,140,3.0,110.94,2377.21
Campaign_139,150,9.0,38.72,2323.27
Campaign_405,145,7.0,48.28,2330.55
Campaign_683,152,7.0,50.74,2336.58
Campaign_730,137,6.0,53.67,2350.51
Campaign_1008,143,8.0,38.63,2161.05
Campaign_459,130,3.0,107.88,2489.46
Campaign_178,145,5.0,64.53,2225.24
Campaign_180,150,7.0,51.48,2402.53
Campaign_323,152,13.0,25.9,2215.2
Campaign_1005,148,8.0,40.92,2211.82
Campaign_86,118,4.0,70.35,2384.75
Campaign_593,146,7.0,47.17,2261.58
Campaign_581,132,7.0,44.96,2384.02
Campaign_834,134,4.0,75.24,2245.97
Campaign_131,159,7.0,48.36,2129.12
Campaign_186,171,12.0,31.76,2229.06
Campaign_346,140,6.0,56.01,2400.36
Campaign_276,129,6.0,48.24,2243.8
Campaign_734,148,6.0,56.3,2282.3
Campaign_847,155,5.0,71.9,2319.35
Campaign_28,141,9.0,34.67,2213.26
Campaign_786,160,7.0,51.38,2247.81
Campaign_167,154,9.0,35.65,2083.31
Campaign_328,126,9.0,31.76,2268.41
Campaign_959,144,7.0,47.99,2333.06
Campaign_247,124,10.0,29.27,2360.73
Campaign_189,130,9.0,33.09,2291.15
Campaign_163,139,11.0,27.31,2161.29
Campaign_850,145,12.0,28.89,2390.69
Campaign_478,286,14.0,45.0,2202.87
Campaign_679,135,6.0,49.41,2196.0
Campaign_902,150,8.0,42.21,2251.27
Campaign_687,146,7.0,45.89,2200.14
Campaign_927,277,12.0,53.11,2300.65
Campaign_144,152,9.0,37.52,2221.45
Campaign_408,138,3.0,108.72,2363.41
Campaign_112,165,6.0,62.93,2288.48
Campaign_344,410,22.0,41.33,2217.73
Campaign_715,130,6.0,49.08,2265.31
Campaign_290,144,10.0,31.79,2207.71
Campaign_454,152,5.0,63.21,2079.14
Campaign_261,169,9.0,41.59,2215.03
Campaign_633,443,23.0,45.06,2339.35
Campaign_262,150,5.0,61.08,2035.87
Campaign_453,150,16.0,21.53,2297.0
Campaign_731,163,8.0,43.23,2121.78
Campaign_699,110,7.0,37.26,2370.91
Campaign_997,126,4.0,71.31,2263.73
Campaign_434,422,28.0,33.06,2193.74
Campaign_331,148,5.0,66.72,2254.05
Campaign_504,130,7.0,38.15,2054.46
Campaign_606,137,4.0,77.93,2275.18
Campaign_546,136,6.0,51.96,2292.21
Campaign_432,118,9.0,28.97,2209.92
Campaign_101,152,13.0,26.29,2248.36
Campaign_838,135,10.0,30.9,2288.67
Campaign_338,152,9.0,39.24,2323.29
Campaign_306,134,10.0,28.79,2148.21
Campaign_398,133,5.0,59.0,2218.2
Campaign_600,133,7.0,44.84,2360.0
Campaign_560,149,5.0,69.18,2321.54
Campaign_212,148,5.0,70.83,2393.04
Campaign_703,314,22.0,33.34,2336.24
Campaign_433,241,12.0,49.21,2450.5
Campaign_924,140,9.0,37.18,2390.29
Campaign_63,142,8.0,39.99,2252.89
Campaign_420,135,8.0,38.54,2283.63
Campaign_893,152,5.0,71.9,2365.2
Campaign_387,137,5.0,61.11,2230.22
Campaign_143,142,10.0,32.32,2275.77
Campaign_525,137,8.0,41.31,2412.26
Campaign_545,129,5.0,59.78,2316.98
Campaign_13,132,6.0,47.18,2144.47
Campaign_228,144,4.0,79.88,2218.82
Campaign_155,152,10.0,35.09,2308.42
Campaign_435,144,9.0,34.59,2161.81
Campaign_875,128,6.0,43.77,2051.8
Campaign_726,138,9.0,35.53,2317.39
Campaign_651,161,8.0,46.04,2287.64
Campaign_748,137,8.0,40.7,2376.42
Campaign_782,145,6.0,54.1,2238.62
Campaign_224,141,2.0,160.63,2278.44
Campaign_16,155,5.0,74.02,2387.87
Campaign_762,167,6.0,64.03,2300.36
Campaign_273,126,7.0,42.45,2358.33
Campaign_217,158,4.0,91.38,2313.42
Campaign_215,140,5.0,65.05,2323.07
Campaign_325,141,6.0,49.02,2085.74
Campaign_203,154,7.0,48.26,2193.64
Campaign_889,136,5.0,60.1,2209.49
Campaign_801,143,9.0,38.3,2410.7
Campaign_359,149,6.0,61.88,2491.95
Campaign_149,138,7.0,43.02,2182.17
Campaign_936,146,4.0,82.37,2256.58
Campaign_958,149,6.0,57.3,2307.25
Campaign_361,126,8.0,36.51,2317.94
Campaign_820,171,5.0,77.94,2279.06
Campaign_623,151,12.0,28.06,2229.87
Campaign_80,211,9.0,57.09,2435.31
Campaign_193,146,6.0,49.45,2032.05
Campaign_690,133,8.0,38.52,2316.77
Campaign_754,161,7.0,48.42,2105.22
Campaign_99,139,4.0,79.8,2296.26
Campaign_993,144,6.0,57.72,2405.07
Campaign_77,158,12.0,29.75,2259.75
Campaign_852,213,11.0,43.39,2240.7
Campaign_880,143,6.0,53.86,2259.72
Campaign_334,156,10.0,35.2,2256.67
Campaign_745,142,8.0,39.51,2225.99
Campaign_220,183,8.0,51.3,2242.51
Campaign_138,141,5.0,65.44,2320.43
Campaign_146,127,8.0,38.19,2405.83
Campaign_165,140,6.0,54.11,2318.93
Campaign_329,148,11.0,30.39,2258.78
Campaign_550,150,7.0,49.29,2300.33
Campaign_427,120,5.0,53.69,2237.0
Campaign_428,127,13.0,20.93,2142.83
Campaign_509,147,8.0,41.36,2251.02
Campaign_353,142,8.0,39.39,2218.87
Campaign_221,143,10.0,30.32,2120.07
Campaign_21,142,4.0,81.56,2297.46
Campaign_484,164,7.0,52.09,2223.35
Campaign_426,157,4.0,85.74,2184.39
Campaign_383,134,6.0,48.91,2190.0
Campaign_627,142,4.0,76.05,2142.11
Campaign_173,154,6.0,55.61,2166.49
Campaign_797,139,5.0,62.38,2243.96
Campaign_751,154,8.0,42.22,2193.44
Campaign_758,167,9.0,44.09,2376.35
Campaign_775,134,4.0,71.99,2148.88
Campaign_763,155,2.0,175.75,2267.68
Campaign_588,140,9.0,37.03,2380.71
Campaign_356,131,2.0,150.31,2294.81
Campaign_1011,138,7.0,43.7,2216.52
Campaign_374,149,11.0,32.42,2393.42
Campaign_452,132,8.0,37.94,2299.55
Campaign_251,156,9.0,39.66,2287.95
Campaign_367,138,6.0,55.76,2424.49
Campaign_976,142,4.0,78.66,2215.85
Campaign_335,146,6.0,54.15,2225.34
Campaign_846,155,15.0,23.36,2260.65
Campaign_271,128,3.0,98.86,2317.11
Campaign_522,156,9.0,39.03,2251.6
Campaign_515,145,9.0,34.83,2162.14
Campaign_417,121,4.0,69.12,2285.04
Campaign_402,134,4.0,81.18,2423.13
Campaign_648,151,6.0,63.92,2539.87
Campaign_870,153,12.0,28.68,2249.54
Campaign_752,152,14.0,25.71,2367.57
Campaign_265,110,4.0,63.3,2301.73
Campaign_516,143,6.0,57.8,2425.24
Campaign_932,181,9.0,48.27,2400.39
Campaign_586,141,8.0,41.46,2352.48
Campaign_727,140,7.0,44.82,2241.07
Campaign_942,140,10.0,30.31,2165.21
Campaign_982,136,8.0,37.14,2184.41
Campaign_836,140,5.0,67.67,2416.71
Campaign_377,149,3.0,114.34,2302.15
Campaign_686,160,8.0,46.28,2314.13
Campaign_785,152,7.0,46.81,2155.86
Campaign_496,147,6.0,55.12,2249.59
Campaign_292,241,13.0,44.26,2387.26
Campaign_907,136,7.0,43.86,2257.5
Campaign_106,130,3.0,104.41,2409.54
Campaign_566,125,4.0,69.53,2224.8
Campaign_616,155,5.0,67.71,2184.26
Campaign_120,138,6.0,53.31,2317.97
Campaign_991,147,8.0,44.11,2400.75
Campaign_755,281,14.0,47.64,2373.35
Campaign_293,123,5.0,58.35,2372.03
Campaign_874,149,11.0,31.81,2348.39
Campaign_702,138,4.0,73.43,2128.26
Campaign_109,138,9.0,37.67,2457.03
Campaign_622,159,4.0,89.8,2259.18
Campaign_298,141,7.0,44.9,2229.08
Campaign_802,138,10.0,30.41,2203.62
